Nom image,Classe,Chemin image,Dimensions,Résolution,Volume,Teinte,Luminosité,xyc,Leucémie_ALL
Im028_1.tif,ALL_IDB2,ALL_IDB2/ALL_IDB2/img/Im028_1.tif,257x257,"(72.0, 72.0)",66049,104.3230934609154,145.44721343245166,,1
Im210_0.tif,ALL_IDB2,ALL_IDB2/ALL_IDB2/img/Im210_0.tif,257x257,"(72.0, 72.0)",66049,28.385032324486367,168.5776014776908,,0
Im255_0.tif,ALL_IDB2,ALL_IDB2/ALL_IDB2/img/Im255_0.tif,257x257,"(72.0, 72.0)",66049,52.67670971551424,118.54202183227603,,0
Im154_0.tif,ALL_IDB2,ALL_IDB2/ALL_IDB2/img/Im154_0.tif,257x257,"(72.0, 72.0)",66049,61.862662568698994,150.7114717860982,,0
Im090_1.tif,ALL_IDB2,ALL_IDB2/ALL_IDB2/img/Im090_1.tif,257x256,"(72.0, 72.0)",65792,48.132903696498055,139.82815539883268,,1
Im169_0.tif,ALL_IDB2,ALL_IDB2/ALL_IDB2/img/Im169_0.tif,257x257,"(72.0, 72.0)",66049,34.4503474693031,146.84758285515298,,0
Im050_1.tif,ALL_IDB2,ALL_IDB2/ALL_IDB2/img/Im050_1.tif,257x257,"(72.0, 72.0)",66049,116.63834425956487,149.52011385486531,,1
Im015_1.tif,ALL_IDB2,ALL_IDB2/ALL_IDB2/img/Im015_1.tif,257x257,"(72.0, 72.0)",66049,91.77407682175355,144.8654180986843,,1
Im194_0.tif,ALL_IDB2,ALL_IDB2/ALL_IDB2/img/Im194_0.tif,257x257,"(72.0, 72.0)",66049,39.4711350663901,151.40516888976367,,0
Im108_1.tif,ALL_IDB2,ALL_IDB2/ALL_IDB2/img/Im108_1.tif,257x257,"(72.0, 72.0)",66049,51.57643567654317,158.22745234598557,,1
Im074_1.tif,ALL_IDB2,ALL_IDB2/ALL_IDB2/img/Im074_1.tif,257x257,"(72.0, 72.0)",66049,44.08395282290421,159.57296855364956,,1
Im209_0.tif,ALL_IDB2,ALL_IDB2/ALL_IDB2/img/Im209_0.tif,257x257,"(72.0, 72.0)",66049,40.27836908961529,166.0666323487108,,0
Im031_1.tif,ALL_IDB2,ALL_IDB2/ALL_IDB2/img/Im031_1.tif,257x257,"(72.0, 72.0)",66049,111.15891232266954,147.70688428288088,,1
Im089_1.tif,ALL_IDB2,ALL_IDB2/ALL_IDB2/img/Im089_1.tif,257x257,"(72.0, 72.0)",66049,55.86632651516298,155.4483792335993,,1
Im111_1.tif,ALL_IDB2,ALL_IDB2/ALL_IDB2/img/Im111_1.tif,257x257,"(72.0, 72.0)",66049,47.45806900937183,162.1907523202471,,1
Im135_0.tif,ALL_IDB2,ALL_IDB2/ALL_IDB2/img/Im135_0.tif,257x257,"(72.0, 72.0)",66049,50.12410483126164,161.95417038865085,,0
Im170_0.tif,ALL_IDB2,ALL_IDB2/ALL_IDB2/img/Im170_0.tif,257x257,"(72.0, 72.0)",66049,42.87631909642841,161.47729715817044,,0
Im234_0.tif,ALL_IDB2,ALL_IDB2/ALL_IDB2/img/Im234_0.tif,257x257,"(72.0, 72.0)",66049,50.06978152583688,109.86393435176916,,0
Im049_1.tif,ALL_IDB2,ALL_IDB2/ALL_IDB2/img/Im049_1.tif,257x257,"(72.0, 72.0)",66049,107.05108328665082,146.75607503520115,,1
Im113_1.tif,ALL_IDB2,ALL_IDB2/ALL_IDB2/img/Im113_1.tif,257x257,"(72.0, 72.0)",66049,48.85852927372103,159.67690653908463,,1
Im236_0.tif,ALL_IDB2,ALL_IDB2/ALL_IDB2/img/Im236_0.tif,257x257,"(72.0, 72.0)",66049,46.537464609608016,108.46106678375146,,0
Im137_0.tif,ALL_IDB2,ALL_IDB2/ALL_IDB2/img/Im137_0.tif,257x257,"(72.0, 72.0)",66049,31.56096231585641,148.3480597738043,,0
Im172_0.tif,ALL_IDB2,ALL_IDB2/ALL_IDB2/img/Im172_0.tif,257x257,"(72.0, 72.0)",66049,26.63904071219852,160.68951838786356,,0
Im076_1.tif,ALL_IDB2,ALL_IDB2/ALL_IDB2/img/Im076_1.tif,257x257,"(72.0, 72.0)",66049,50.013368862511165,151.9726566639919,,1
Im033_1.tif,ALL_IDB2,ALL_IDB2/ALL_IDB2/img/Im033_1.tif,257x257,"(72.0, 72.0)",66049,101.06322578691578,147.7836454753289,,1
Im196_0.tif,ALL_IDB2,ALL_IDB2/ALL_IDB2/img/Im196_0.tif,257x257,"(72.0, 72.0)",66049,51.9888264773123,163.1148541234538,,0
Im052_1.tif,ALL_IDB2,ALL_IDB2/ALL_IDB2/img/Im052_1.tif,257x257,"(72.0, 72.0)",66049,73.20339444957531,146.62492997622977,,1
Im017_1.tif,ALL_IDB2,ALL_IDB2/ALL_IDB2/img/Im017_1.tif,257x257,"(72.0, 72.0)",66049,110.3047585883208,148.81156414177354,,1
Im092_1.tif,ALL_IDB2,ALL_IDB2/ALL_IDB2/img/Im092_1.tif,257x257,"(72.0, 72.0)",66049,42.76123786885494,151.1655286226892,,1
Im156_0.tif,ALL_IDB2,ALL_IDB2/ALL_IDB2/img/Im156_0.tif,257x257,"(72.0, 72.0)",66049,38.17334100440582,166.59343820496903,,0
Im212_0.tif,ALL_IDB2,ALL_IDB2/ALL_IDB2/img/Im212_0.tif,257x257,"(72.0, 72.0)",66049,67.21909491438174,147.0305682145074,,0
Im257_0.tif,ALL_IDB2,ALL_IDB2/ALL_IDB2/img/Im257_0.tif,257x257,"(72.0, 72.0)",66049,62.34307862344623,144.72421989734897,,0
Im192_0.tif,ALL_IDB2,ALL_IDB2/ALL_IDB2/img/Im192_0.tif,257x257,"(72.0, 72.0)",66049,59.91214098623749,164.03916789050552,,0
Im056_1.tif,ALL_IDB2,ALL_IDB2/ALL_IDB2/img/Im056_1.tif,257x257,"(72.0, 72.0)",66049,98.38707626156338,136.901043164923,,1
Im013_1.tif,ALL_IDB2,ALL_IDB2/ALL_IDB2/img/Im013_1.tif,257x257,"(72.0, 72.0)",66049,107.02623809595906,151.8155763145543,,1
Im216_0.tif,ALL_IDB2,ALL_IDB2/ALL_IDB2/img/Im216_0.tif,257x257,"(72.0, 72.0)",66049,57.31514481672698,140.70228163938893,,0
Im253_0.tif,ALL_IDB2,ALL_IDB2/ALL_IDB2/img/Im253_0.tif,257x257,"(72.0, 72.0)",66049,34.661130372904964,118.97795576011748,,0
Im096_1.tif,ALL_IDB2,ALL_IDB2/ALL_IDB2/img/Im096_1.tif,257x257,"(72.0, 72.0)",66049,32.7152417144847,172.10010749594997,,1
Im152_0.tif,ALL_IDB2,ALL_IDB2/ALL_IDB2/img/Im152_0.tif,257x257,"(72.0, 72.0)",66049,45.58087177701403,150.37511544459417,,0
Im133_0.tif,ALL_IDB2,ALL_IDB2/ALL_IDB2/img/Im133_0.tif,257x257,"(72.0, 72.0)",66049,46.47224030643916,157.7162561128859,,0
Im176_0.tif,ALL_IDB2,ALL_IDB2/ALL_IDB2/img/Im176_0.tif,257x257,"(72.0, 72.0)",66049,75.51416372693001,146.327453860013,,0
Im232_0.tif,ALL_IDB2,ALL_IDB2/ALL_IDB2/img/Im232_0.tif,257x257,"(72.0, 72.0)",66049,34.897258096261865,114.35729534133748,,0
Im117_1.tif,ALL_IDB2,ALL_IDB2/ALL_IDB2/img/Im117_1.tif,257x257,"(72.0, 72.0)",66049,49.74035943012007,146.70157004648064,,1
Im072_1.tif,ALL_IDB2,ALL_IDB2/ALL_IDB2/img/Im072_1.tif,257x257,"(72.0, 72.0)",66049,101.23538584989932,143.34104982664385,,1
Im037_1.tif,ALL_IDB2,ALL_IDB2/ALL_IDB2/img/Im037_1.tif,257x257,"(72.0, 72.0)",66049,104.85601598813004,138.48398915956335,,1
Im128_1.tif,ALL_IDB2,ALL_IDB2/ALL_IDB2/img/Im128_1.tif,257x257,"(72.0, 72.0)",66049,50.44989326106376,165.65477145755423,,1
Im149_0.tif,ALL_IDB2,ALL_IDB2/ALL_IDB2/img/Im149_0.tif,257x257,"(72.0, 72.0)",66049,28.04926645369347,157.29561386243546,,0
Im248_0.tif,ALL_IDB2,ALL_IDB2/ALL_IDB2/img/Im248_0.tif,257x257,"(72.0, 72.0)",66049,49.55767687625853,112.01056791170193,,0
Im070_1.tif,ALL_IDB2,ALL_IDB2/ALL_IDB2/img/Im070_1.tif,257x257,"(72.0, 72.0)",66049,100.87330618177414,144.54289996820543,,1
Im035_1.tif,ALL_IDB2,ALL_IDB2/ALL_IDB2/img/Im035_1.tif,257x257,"(72.0, 72.0)",66049,95.25538615270482,138.27626459143968,,1
Im189_0.tif,ALL_IDB2,ALL_IDB2/ALL_IDB2/img/Im189_0.tif,257x257,"(72.0, 72.0)",66049,39.5869733076958,162.9733682569002,,0
Im008_1.tif,ALL_IDB2,ALL_IDB2/ALL_IDB2/img/Im008_1.tif,257x257,"(72.0, 72.0)",66049,125.46273221396235,158.29939893109662,,1
Im230_0.tif,ALL_IDB2,ALL_IDB2/ALL_IDB2/img/Im230_0.tif,257x257,"(72.0, 72.0)",66049,82.97114263652743,87.21376553770685,,0
Im131_0.tif,ALL_IDB2,ALL_IDB2/ALL_IDB2/img/Im131_0.tif,257x257,"(72.0, 72.0)",66049,69.19315962391558,165.61586095171765,,0
Im174_0.tif,ALL_IDB2,ALL_IDB2/ALL_IDB2/img/Im174_0.tif,257x257,"(72.0, 72.0)",66049,30.7651289194386,141.86204181743858,,0
Im115_1.tif,ALL_IDB2,ALL_IDB2/ALL_IDB2/img/Im115_1.tif,257x257,"(72.0, 72.0)",66049,45.403306635982375,152.38981665127406,,1
Im150_0.tif,ALL_IDB2,ALL_IDB2/ALL_IDB2/img/Im150_0.tif,257x257,"(72.0, 72.0)",66049,32.87036896849309,156.03930415297734,,0
Im094_1.tif,ALL_IDB2,ALL_IDB2/ALL_IDB2/img/Im094_1.tif,257x257,"(72.0, 72.0)",66049,48.70641493436691,155.40880255567836,,1
Im214_0.tif,ALL_IDB2,ALL_IDB2/ALL_IDB2/img/Im214_0.tif,257x257,"(72.0, 72.0)",66049,24.37432815031265,150.5584187497161,,0
Im069_1.tif,ALL_IDB2,ALL_IDB2/ALL_IDB2/img/Im069_1.tif,257x257,"(72.0, 72.0)",66049,103.5368135777983,137.18928371360656,,1
Im251_0.tif,ALL_IDB2,ALL_IDB2/ALL_IDB2/img/Im251_0.tif,232x257,"(72.0, 72.0)",59624,43.714242586877766,102.10943579766536,,0
Im054_1.tif,ALL_IDB2,ALL_IDB2/ALL_IDB2/img/Im054_1.tif,257x257,"(72.0, 72.0)",66049,97.00997744099078,156.53310421051037,,1
Im229_0.tif,ALL_IDB2,ALL_IDB2/ALL_IDB2/img/Im229_0.tif,257x257,"(72.0, 72.0)",66049,84.70444669866312,87.84637163318142,,0
Im011_1.tif,ALL_IDB2,ALL_IDB2/ALL_IDB2/img/Im011_1.tif,257x257,"(72.0, 72.0)",66049,126.0958379385002,162.19801965207648,,1
Im190_0.tif,ALL_IDB2,ALL_IDB2/ALL_IDB2/img/Im190_0.tif,257x257,"(72.0, 72.0)",66049,24.69290980938394,164.1920392435919,,0
Im032_1.tif,ALL_IDB2,ALL_IDB2/ALL_IDB2/img/Im032_1.tif,257x257,"(72.0, 72.0)",66049,100.36896849308846,144.03121924631714,,1
Im077_1.tif,ALL_IDB2,ALL_IDB2/ALL_IDB2/img/Im077_1.tif,257x257,"(72.0, 72.0)",66049,52.60152311162925,148.86650819845872,,1
Im237_0.tif,ALL_IDB2,ALL_IDB2/ALL_IDB2/img/Im237_0.tif,257x257,"(72.0, 72.0)",66049,47.22012445305758,123.29955033384306,,0
Im173_0.tif,ALL_IDB2,ALL_IDB2/ALL_IDB2/img/Im173_0.tif,257x257,"(72.0, 72.0)",66049,51.291117200866026,145.18297021907978,,0
Im136_0.tif,ALL_IDB2,ALL_IDB2/ALL_IDB2/img/Im136_0.tif,257x257,"(72.0, 72.0)",66049,58.10769277354692,152.9802268013142,,0
Im112_1.tif,ALL_IDB2,ALL_IDB2/ALL_IDB2/img/Im112_1.tif,257x257,"(72.0, 72.0)",66049,39.54539811352178,165.6888824963285,,1
Im093_1.tif,ALL_IDB2,ALL_IDB2/ALL_IDB2/img/Im093_1.tif,257x257,"(72.0, 72.0)",66049,56.45773592332965,147.64824599918242,,1
Im157_0.tif,ALL_IDB2,ALL_IDB2/ALL_IDB2/img/Im157_0.tif,257x257,"(72.0, 72.0)",66049,47.51313418825418,163.60199246014324,,0
Im256_0.tif,ALL_IDB2,ALL_IDB2/ALL_IDB2/img/Im256_0.tif,257x257,"(72.0, 72.0)",66049,66.84681070114613,139.69295523020787,,0
Im213_0.tif,ALL_IDB2,ALL_IDB2/ALL_IDB2/img/Im213_0.tif,257x257,"(72.0, 72.0)",66049,37.772048024951175,150.0046177837666,,0
Im197_0.tif,ALL_IDB2,ALL_IDB2/ALL_IDB2/img/Im197_0.tif,257x220,"(72.0, 72.0)",56540,33.6241598868058,138.44952246197383,,0
Im016_1.tif,ALL_IDB2,ALL_IDB2/ALL_IDB2/img/Im016_1.tif,257x257,"(72.0, 72.0)",66049,109.94125573437904,151.46606307438418,,1
Im053_1.tif,ALL_IDB2,ALL_IDB2/ALL_IDB2/img/Im053_1.tif,257x257,"(72.0, 72.0)",66049,85.2439703856228,155.4649881148844,,1
Im109_1.tif,ALL_IDB2,ALL_IDB2/ALL_IDB2/img/Im109_1.tif,257x257,"(72.0, 72.0)",66049,52.78355463368106,155.41420763372648,,1
Im168_0.tif,ALL_IDB2,ALL_IDB2/ALL_IDB2/img/Im168_0.tif,257x257,"(72.0, 72.0)",66049,42.886220836045965,147.16425683961907,,0
Im014_1.tif,ALL_IDB2,ALL_IDB2/ALL_IDB2/img/Im014_1.tif,257x257,"(72.0, 72.0)",66049,117.75501521597602,149.94673651380035,,1
Im051_1.tif,ALL_IDB2,ALL_IDB2/ALL_IDB2/img/Im051_1.tif,257x257,"(72.0, 72.0)",66049,117.597571499947,146.66309860860875,,1
Im195_0.tif,ALL_IDB2,ALL_IDB2/ALL_IDB2/img/Im195_0.tif,257x257,"(72.0, 72.0)",66049,59.77291102060591,137.021468909446,,0
Im254_0.tif,ALL_IDB2,ALL_IDB2/ALL_IDB2/img/Im254_0.tif,257x257,"(72.0, 72.0)",66049,69.99111265878363,118.34086814334812,,0
Im029_1.tif,ALL_IDB2,ALL_IDB2/ALL_IDB2/img/Im029_1.tif,257x257,"(72.0, 72.0)",66049,112.75410679949734,147.4324819452225,,1
Im211_0.tif,ALL_IDB2,ALL_IDB2/ALL_IDB2/img/Im211_0.tif,257x257,"(72.0, 72.0)",66049,31.89292797771352,166.5391603203682,,0
Im155_0.tif,ALL_IDB2,ALL_IDB2/ALL_IDB2/img/Im155_0.tif,257x257,"(72.0, 72.0)",66049,45.13362806401308,162.14330269951097,,0
Im091_1.tif,ALL_IDB2,ALL_IDB2/ALL_IDB2/img/Im091_1.tif,257x257,"(72.0, 72.0)",66049,71.6865811745825,141.8558343048343,,1
Im171_0.tif,ALL_IDB2,ALL_IDB2/ALL_IDB2/img/Im171_0.tif,257x257,"(72.0, 72.0)",66049,31.8723069236476,158.52712380202576,,0
Im134_0.tif,ALL_IDB2,ALL_IDB2/ALL_IDB2/img/Im134_0.tif,257x257,"(72.0, 72.0)",66049,38.00704022770973,158.77849778194977,,0
Im048_1.tif,ALL_IDB2,ALL_IDB2/ALL_IDB2/img/Im048_1.tif,257x257,"(72.0, 72.0)",66049,118.24836106526972,143.43080137473694,,1
Im235_0.tif,ALL_IDB2,ALL_IDB2/ALL_IDB2/img/Im235_0.tif,257x257,"(72.0, 72.0)",66049,35.74976154067435,112.73936017199352,,0
Im110_1.tif,ALL_IDB2,ALL_IDB2/ALL_IDB2/img/Im110_1.tif,257x257,"(72.0, 72.0)",66049,54.175066995715305,156.86384351012128,,1
Im208_0.tif,ALL_IDB2,ALL_IDB2/ALL_IDB2/img/Im208_0.tif,257x257,"(72.0, 72.0)",66049,31.317870066163,141.58595890929462,,0
Im030_1.tif,ALL_IDB2,ALL_IDB2/ALL_IDB2/img/Im030_1.tif,257x257,"(72.0, 72.0)",66049,114.3225938318521,149.99043134642463,,1
Im075_1.tif,ALL_IDB2,ALL_IDB2/ALL_IDB2/img/Im075_1.tif,257x257,"(72.0, 72.0)",66049,57.54868355311965,155.2667867795122,,1
Im088_1.tif,ALL_IDB2,ALL_IDB2/ALL_IDB2/img/Im088_1.tif,257x257,"(72.0, 72.0)",66049,40.02449696437493,165.6076852034096,,1
Im114_1.tif,ALL_IDB2,ALL_IDB2/ALL_IDB2/img/Im114_1.tif,257x257,"(72.0, 72.0)",66049,40.13888173931475,152.6933034565247,,1
Im188_0.tif,ALL_IDB2,ALL_IDB2/ALL_IDB2/img/Im188_0.tif,257x257,"(72.0, 72.0)",66049,25.769050250571546,164.93538130781693,,0
Im009_1.tif,ALL_IDB2,ALL_IDB2/ALL_IDB2/img/Im009_1.tif,257x257,"(72.0, 72.0)",66049,129.2386712894972,159.1856954685158,,1
Im231_0.tif,ALL_IDB2,ALL_IDB2/ALL_IDB2/img/Im231_0.tif,257x257,"(72.0, 72.0)",66049,34.50521582461506,115.0404850943996,,0
Im175_0.tif,ALL_IDB2,ALL_IDB2/ALL_IDB2/img/Im175_0.tif,257x257,"(72.0, 72.0)",66049,65.74562824569638,148.74941331435753,,0
Im148_0.tif,ALL_IDB2,ALL_IDB2/ALL_IDB2/img/Im148_0.tif,257x257,"(72.0, 72.0)",66049,57.1268755015216,166.90455570864054,,0
Im034_1.tif,ALL_IDB2,ALL_IDB2/ALL_IDB2/img/Im034_1.tif,257x257,"(72.0, 72.0)",66049,103.91548698693394,139.1478902027283,,1
Im249_0.tif,ALL_IDB2,ALL_IDB2/ALL_IDB2/img/Im249_0.tif,257x257,"(72.0, 72.0)",66049,34.671652863782946,112.0132780208633,,0
Im071_1.tif,ALL_IDB2,ALL_IDB2/ALL_IDB2/img/Im071_1.tif,257x257,"(72.0, 72.0)",66049,117.83687868097928,136.95987827219184,,1
Im129_1.tif,ALL_IDB2,ALL_IDB2/ALL_IDB2/img/Im129_1.tif,257x257,"(72.0, 72.0)",66049,50.69141092219413,163.9866159972142,,1
Im228_0.tif,ALL_IDB2,ALL_IDB2/ALL_IDB2/img/Im228_0.tif,257x257,"(72.0, 72.0)",66049,77.32843797786492,94.96110463443809,,0
Im010_1.tif,ALL_IDB2,ALL_IDB2/ALL_IDB2/img/Im010_1.tif,257x257,"(72.0, 72.0)",66049,124.58941089191356,161.91972626383443,,1
Im055_1.tif,ALL_IDB2,ALL_IDB2/ALL_IDB2/img/Im055_1.tif,257x257,"(72.0, 72.0)",66049,117.67828430407728,151.6427349392118,,1
Im191_0.tif,ALL_IDB2,ALL_IDB2/ALL_IDB2/img/Im191_0.tif,257x257,"(72.0, 72.0)",66049,45.99003769928387,162.380490242093,,0
Im130_1.tif,ALL_IDB2,ALL_IDB2/ALL_IDB2/img/Im130_1.tif,257x257,"(72.0, 72.0)",66049,54.91571409105361,146.64798861451348,,1
Im151_0.tif,ALL_IDB2,ALL_IDB2/ALL_IDB2/img/Im151_0.tif,257x257,"(72.0, 72.0)",66049,35.53174158579237,156.6508501264213,,0
Im095_1.tif,ALL_IDB2,ALL_IDB2/ALL_IDB2/img/Im095_1.tif,257x257,"(72.0, 72.0)",66049,40.15867007827522,169.08498236158005,,1
Im068_1.tif,ALL_IDB2,ALL_IDB2/ALL_IDB2/img/Im068_1.tif,257x257,"(72.0, 72.0)",66049,94.81958848733515,137.740616814789,,1
Im250_0.tif,ALL_IDB2,ALL_IDB2/ALL_IDB2/img/Im250_0.tif,257x257,"(72.0, 72.0)",66049,74.19715665642175,105.2982785507729,,0
Im215_0.tif,ALL_IDB2,ALL_IDB2/ALL_IDB2/img/Im215_0.tif,257x257,"(72.0, 72.0)",66049,21.043528289603174,151.93728898242213,,0
Im252_0.tif,ALL_IDB2,ALL_IDB2/ALL_IDB2/img/Im252_0.tif,257x257,"(72.0, 72.0)",66049,50.505261245438994,119.71727051128708,,0
Im217_0.tif,ALL_IDB2,ALL_IDB2/ALL_IDB2/img/Im217_0.tif,257x257,"(72.0, 72.0)",66049,35.92015019152448,150.11795787975595,,0
Im097_1.tif,ALL_IDB2,ALL_IDB2/ALL_IDB2/img/Im097_1.tif,257x257,"(72.0, 72.0)",66049,29.581371406077302,168.7280806673833,,1
Im153_0.tif,ALL_IDB2,ALL_IDB2/ALL_IDB2/img/Im153_0.tif,257x257,"(72.0, 72.0)",66049,37.37161804115127,149.88628139714456,,0
Im193_0.tif,ALL_IDB2,ALL_IDB2/ALL_IDB2/img/Im193_0.tif,257x257,"(72.0, 72.0)",66049,29.916213720116883,157.43653953882725,,0
Im012_1.tif,ALL_IDB2,ALL_IDB2/ALL_IDB2/img/Im012_1.tif,257x257,"(72.0, 72.0)",66049,103.0167451437569,162.30949749428456,,1
Im057_1.tif,ALL_IDB2,ALL_IDB2/ALL_IDB2/img/Im057_1.tif,257x257,"(72.0, 72.0)",66049,97.3903465608866,145.1817589971082,,1
Im036_1.tif,ALL_IDB2,ALL_IDB2/ALL_IDB2/img/Im036_1.tif,257x257,"(72.0, 72.0)",66049,104.75080621962482,140.39419219064635,,1
Im073_1.tif,ALL_IDB2,ALL_IDB2/ALL_IDB2/img/Im073_1.tif,257x257,"(72.0, 72.0)",66049,102.18204666232646,135.12066798891732,,1
Im116_1.tif,ALL_IDB2,ALL_IDB2/ALL_IDB2/img/Im116_1.tif,257x257,"(72.0, 72.0)",66049,47.44076367545307,150.49469333373708,,1
Im177_0.tif,ALL_IDB2,ALL_IDB2/ALL_IDB2/img/Im177_0.tif,257x257,"(72.0, 72.0)",66049,26.736210994867445,152.119063119805,,0
Im132_0.tif,ALL_IDB2,ALL_IDB2/ALL_IDB2/img/Im132_0.tif,257x257,"(72.0, 72.0)",66049,64.4540871171403,168.20598343653953,,0
Im233_0.tif,ALL_IDB2,ALL_IDB2/ALL_IDB2/img/Im233_0.tif,196x257,"(72.0, 72.0)",50372,63.395775430794885,106.925593583737,,0
Im186_0.tif,ALL_IDB2,ALL_IDB2/ALL_IDB2/img/Im186_0.tif,257x257,"(72.0, 72.0)",66049,22.25944374630956,164.35496373904223,,0
Im042_1.tif,ALL_IDB2,ALL_IDB2/ALL_IDB2/img/Im042_1.tif,257x257,"(72.0, 72.0)",66049,100.6347560144741,140.0728095807658,,1
Im007_1.tif,ALL_IDB2,ALL_IDB2/ALL_IDB2/img/Im007_1.tif,257x257,"(72.0, 72.0)",66049,126.3118593771291,159.99588184529668,,1
Im202_0.tif,ALL_IDB2,ALL_IDB2/ALL_IDB2/img/Im202_0.tif,257x257,"(72.0, 72.0)",66049,58.02196853850929,139.36433556904723,,0
Im247_0.tif,ALL_IDB2,ALL_IDB2/ALL_IDB2/img/Im247_0.tif,257x257,"(72.0, 72.0)",66049,45.54202183227604,114.41481324471226,,0
Im082_1.tif,ALL_IDB2,ALL_IDB2/ALL_IDB2/img/Im082_1.tif,257x257,"(72.0, 72.0)",66049,39.27406925161623,164.24459113688323,,1
Im146_0.tif,ALL_IDB2,ALL_IDB2/ALL_IDB2/img/Im146_0.tif,257x257,"(72.0, 72.0)",66049,33.90092204272585,149.72234250329302,,0
Im127_1.tif,ALL_IDB2,ALL_IDB2/ALL_IDB2/img/Im127_1.tif,257x257,"(72.0, 72.0)",66049,42.4313312843495,163.51166558161364,,1
Im162_0.tif,ALL_IDB2,ALL_IDB2/ALL_IDB2/img/Im162_0.tif,257x257,"(72.0, 72.0)",66049,58.560477827067785,159.42403367197082,,0
Im226_0.tif,ALL_IDB2,ALL_IDB2/ALL_IDB2/img/Im226_0.tif,257x257,"(72.0, 72.0)",66049,28.61660282517525,142.60482369150176,,0
Im103_1.tif,ALL_IDB2,ALL_IDB2/ALL_IDB2/img/Im103_1.tif,257x253,"(72.0, 72.0)",65021,50.28921425385644,141.4331062272189,,1
Im066_1.tif,ALL_IDB2,ALL_IDB2/ALL_IDB2/img/Im066_1.tif,257x257,"(72.0, 72.0)",66049,101.55057608745022,136.6436887765144,,1
Im023_1.tif,ALL_IDB2,ALL_IDB2/ALL_IDB2/img/Im023_1.tif,257x257,"(72.0, 72.0)",66049,105.35208708685975,139.96710018319732,,1
Im099_1.tif,ALL_IDB2,ALL_IDB2/ALL_IDB2/img/Im099_1.tif,257x257,"(72.0, 72.0)",66049,30.074732395645658,167.12063770836804,,1
Im064_1.tif,ALL_IDB2,ALL_IDB2/ALL_IDB2/img/Im064_1.tif,257x257,"(72.0, 72.0)",66049,108.67658859331708,138.3655467910188,,1
Im219_0.tif,ALL_IDB2,ALL_IDB2/ALL_IDB2/img/Im219_0.tif,257x257,"(72.0, 72.0)",66049,45.63976744538146,148.55209011491468,,0
Im021_1.tif,ALL_IDB2,ALL_IDB2/ALL_IDB2/img/Im021_1.tif,257x257,"(72.0, 72.0)",66049,111.94442005177974,139.64380989871157,,1
Im224_0.tif,ALL_IDB2,ALL_IDB2/ALL_IDB2/img/Im224_0.tif,257x257,"(72.0, 72.0)",66049,31.18840557767718,149.7239322321307,,0
Im059_1.tif,ALL_IDB2,ALL_IDB2/ALL_IDB2/img/Im059_1.tif,257x257,"(72.0, 72.0)",66049,107.75443988553953,138.6491544156611,,1
Im160_0.tif,ALL_IDB2,ALL_IDB2/ALL_IDB2/img/Im160_0.tif,257x257,"(72.0, 72.0)",66049,46.976683977047344,167.02036366939697,,0
Im101_1.tif,ALL_IDB2,ALL_IDB2/ALL_IDB2/img/Im101_1.tif,257x257,"(72.0, 72.0)",66049,48.95056700328544,162.8982270738391,,1
Im144_0.tif,ALL_IDB2,ALL_IDB2/ALL_IDB2/img/Im144_0.tif,257x235,"(72.0, 72.0)",60395,33.04886166073351,165.45064988823577,,0
Im080_1.tif,ALL_IDB2,ALL_IDB2/ALL_IDB2/img/Im080_1.tif,257x257,"(72.0, 72.0)",66049,45.41113415797363,156.7913821556723,,1
Im038_1.tif,ALL_IDB2,ALL_IDB2/ALL_IDB2/img/Im038_1.tif,257x257,"(72.0, 72.0)",66049,113.38834804463352,141.85469878423595,,1
Im200_0.tif,ALL_IDB2,ALL_IDB2/ALL_IDB2/img/Im200_0.tif,257x257,"(72.0, 72.0)",66049,30.29895986313192,144.59788944571454,,0
Im245_0.tif,ALL_IDB2,ALL_IDB2/ALL_IDB2/img/Im245_0.tif,257x257,"(72.0, 72.0)",66049,38.191736438098985,116.5157231752184,,0
Im125_1.tif,ALL_IDB2,ALL_IDB2/ALL_IDB2/img/Im125_1.tif,257x257,"(72.0, 72.0)",66049,52.767021453769175,159.9550031037563,,1
Im118_1.tif,ALL_IDB2,ALL_IDB2/ALL_IDB2/img/Im118_1.tif,257x257,"(72.0, 72.0)",66049,49.62726157852504,150.78877802843343,,1
Im040_1.tif,ALL_IDB2,ALL_IDB2/ALL_IDB2/img/Im040_1.tif,257x257,"(72.0, 72.0)",66049,94.88463110720828,138.4295598722161,,1
Im005_1.tif,ALL_IDB2,ALL_IDB2/ALL_IDB2/img/Im005_1.tif,257x257,"(72.0, 72.0)",66049,92.1293887871126,142.61805629154114,,1
Im184_0.tif,ALL_IDB2,ALL_IDB2/ALL_IDB2/img/Im184_0.tif,257x257,"(72.0, 72.0)",66049,38.514860179563655,146.80590167905646,,0
Im179_0.tif,ALL_IDB2,ALL_IDB2/ALL_IDB2/img/Im179_0.tif,257x257,"(72.0, 72.0)",66049,37.4374782358552,146.5093794001423,,0
Im121_1.tif,ALL_IDB2,ALL_IDB2/ALL_IDB2/img/Im121_1.tif,257x257,"(72.0, 72.0)",66049,49.91310996381474,159.67077472785357,,1
Im204_0.tif,ALL_IDB2,ALL_IDB2/ALL_IDB2/img/Im204_0.tif,257x257,"(72.0, 72.0)",66049,39.30448606337719,142.84011869975322,,0
Im079_1.tif,ALL_IDB2,ALL_IDB2/ALL_IDB2/img/Im079_1.tif,257x257,"(72.0, 72.0)",66049,52.78344865175854,157.41422277400113,,1
Im241_0.tif,ALL_IDB2,ALL_IDB2/ALL_IDB2/img/Im241_0.tif,257x257,"(72.0, 72.0)",66049,44.1714333298006,114.03333888476736,,0
Im140_0.tif,ALL_IDB2,ALL_IDB2/ALL_IDB2/img/Im140_0.tif,257x257,"(72.0, 72.0)",66049,29.558857817680813,146.9657375584793,,0
Im084_1.tif,ALL_IDB2,ALL_IDB2/ALL_IDB2/img/Im084_1.tif,257x257,"(72.0, 72.0)",66049,45.79765022937516,158.06834319974564,,1
Im138_0.tif,ALL_IDB2,ALL_IDB2/ALL_IDB2/img/Im138_0.tif,257x257,"(72.0, 72.0)",66049,33.632484973277414,159.06000090841647,,0
Im044_1.tif,ALL_IDB2,ALL_IDB2/ALL_IDB2/img/Im044_1.tif,257x257,"(72.0, 72.0)",66049,92.02569304607184,149.56892610031946,,1
Im239_0.tif,ALL_IDB2,ALL_IDB2/ALL_IDB2/img/Im239_0.tif,257x257,"(72.0, 72.0)",66049,48.78699147602538,121.79857378612849,,0
Im001_1.tif,ALL_IDB2,ALL_IDB2/ALL_IDB2/img/Im001_1.tif,257x257,"(72.0, 72.0)",66049,84.42117216006298,150.42188375297127,,1
Im180_0.tif,ALL_IDB2,ALL_IDB2/ALL_IDB2/img/Im180_0.tif,257x257,"(72.0, 72.0)",66049,56.22675589335191,135.14292419264484,,0
Im258_0.tif,ALL_IDB2,ALL_IDB2/ALL_IDB2/img/Im258_0.tif,257x257,"(72.0, 72.0)",66049,31.64250783509213,149.70885251858468,,0
Im060_1.tif,ALL_IDB2,ALL_IDB2/ALL_IDB2/img/Im060_1.tif,257x257,"(72.0, 72.0)",66049,99.36061106148466,138.03149177126073,,1
Im025_1.tif,ALL_IDB2,ALL_IDB2/ALL_IDB2/img/Im025_1.tif,257x253,"(72.0, 72.0)",65021,76.60663477953277,140.517924978084,,1
Im159_0.tif,ALL_IDB2,ALL_IDB2/ALL_IDB2/img/Im159_0.tif,257x257,"(72.0, 72.0)",66049,48.246983300277066,156.73796726672623,,0
Im105_1.tif,ALL_IDB2,ALL_IDB2/ALL_IDB2/img/Im105_1.tif,257x257,"(72.0, 72.0)",66049,36.9295674423534,149.08196944692577,,1
Im164_0.tif,ALL_IDB2,ALL_IDB2/ALL_IDB2/img/Im164_0.tif,257x257,"(72.0, 72.0)",66049,42.20596829626489,151.82349467819347,,0
Im199_0.tif,ALL_IDB2,ALL_IDB2/ALL_IDB2/img/Im199_0.tif,257x257,"(72.0, 72.0)",66049,25.445336038395737,149.9943223970083,,0
Im018_1.tif,ALL_IDB2,ALL_IDB2/ALL_IDB2/img/Im018_1.tif,257x257,"(72.0, 72.0)",66049,117.09262820027556,145.09100819088857,,1
Im220_0.tif,ALL_IDB2,ALL_IDB2/ALL_IDB2/img/Im220_0.tif,257x257,"(72.0, 72.0)",66049,26.50223319051008,147.15150872836833,,0
Im107_1.tif,ALL_IDB2,ALL_IDB2/ALL_IDB2/img/Im107_1.tif,257x257,"(72.0, 72.0)",66049,33.11326439461612,141.5587518357583,,1
Im222_0.tif,ALL_IDB2,ALL_IDB2/ALL_IDB2/img/Im222_0.tif,257x257,"(72.0, 72.0)",66049,66.82322215324986,139.71197141516146,,0
Im166_0.tif,ALL_IDB2,ALL_IDB2/ALL_IDB2/img/Im166_0.tif,257x257,"(72.0, 72.0)",66049,51.66694423836849,155.31758240094476,,0
Im062_1.tif,ALL_IDB2,ALL_IDB2/ALL_IDB2/img/Im062_1.tif,257x257,"(72.0, 72.0)",66049,89.85984647761511,142.6622961740526,,1
Im027_1.tif,ALL_IDB2,ALL_IDB2/ALL_IDB2/img/Im027_1.tif,257x257,"(72.0, 72.0)",66049,116.69088101258156,145.8421777771049,,1
Im182_0.tif,ALL_IDB2,ALL_IDB2/ALL_IDB2/img/Im182_0.tif,257x257,"(72.0, 72.0)",66049,35.91513876061712,149.21864070614242,,0
Im046_1.tif,ALL_IDB2,ALL_IDB2/ALL_IDB2/img/Im046_1.tif,257x257,"(72.0, 72.0)",66049,99.40472982179897,150.46420082060288,,1
Im003_1.tif,ALL_IDB2,ALL_IDB2/ALL_IDB2/img/Im003_1.tif,257x257,"(72.0, 72.0)",66049,111.78797559387728,147.88045239140638,,1
Im123_1.tif,ALL_IDB2,ALL_IDB2/ALL_IDB2/img/Im123_1.tif,257x257,"(72.0, 72.0)",66049,57.71009402110554,156.15076685491076,,1
Im086_1.tif,ALL_IDB2,ALL_IDB2/ALL_IDB2/img/Im086_1.tif,257x257,"(72.0, 72.0)",66049,40.54073490893125,160.48619963966146,,1
Im142_0.tif,ALL_IDB2,ALL_IDB2/ALL_IDB2/img/Im142_0.tif,257x257,"(72.0, 72.0)",66049,31.18811791245893,163.17514269708852,,0
Im206_0.tif,ALL_IDB2,ALL_IDB2/ALL_IDB2/img/Im206_0.tif,257x257,"(72.0, 72.0)",66049,21.80673439416191,145.3669396962861,,0
Im243_0.tif,ALL_IDB2,ALL_IDB2/ALL_IDB2/img/Im243_0.tif,257x257,"(72.0, 72.0)",66049,60.01927356962256,120.10210601220308,,0
Im100_1.tif,ALL_IDB2,ALL_IDB2/ALL_IDB2/img/Im100_1.tif,257x257,"(72.0, 72.0)",66049,53.61651198352738,164.87874154037155,,1
Im058_1.tif,ALL_IDB2,ALL_IDB2/ALL_IDB2/img/Im058_1.tif,257x257,"(72.0, 72.0)",66049,106.97966661115233,139.75291071780043,,1
Im260_0.tif,ALL_IDB2,ALL_IDB2/ALL_IDB2/img/Im260_0.tif,257x257,"(72.0, 72.0)",66049,21.65057760147769,145.54526185105,,0
Im225_0.tif,ALL_IDB2,ALL_IDB2/ALL_IDB2/img/Im225_0.tif,257x257,"(72.0, 72.0)",66049,42.7729413011552,146.82865751184727,,0
Im161_0.tif,ALL_IDB2,ALL_IDB2/ALL_IDB2/img/Im161_0.tif,257x257,"(72.0, 72.0)",66049,47.15950279338068,149.86664446093053,,0
Im098_1.tif,ALL_IDB2,ALL_IDB2/ALL_IDB2/img/Im098_1.tif,257x257,"(72.0, 72.0)",66049,29.005041711456645,167.8063558872958,,1
Im218_0.tif,ALL_IDB2,ALL_IDB2/ALL_IDB2/img/Im218_0.tif,257x257,"(72.0, 72.0)",66049,36.7014186437342,152.01227876273677,,0
Im020_1.tif,ALL_IDB2,ALL_IDB2/ALL_IDB2/img/Im020_1.tif,257x257,"(72.0, 72.0)",66049,95.42418507471726,147.14961619403775,,1
Im065_1.tif,ALL_IDB2,ALL_IDB2/ALL_IDB2/img/Im065_1.tif,257x257,"(72.0, 72.0)",66049,88.10735968750473,138.5965571015458,,1
Im004_1.tif,ALL_IDB2,ALL_IDB2/ALL_IDB2/img/Im004_1.tif,257x257,"(72.0, 72.0)",66049,115.07392996108948,145.42235310148527,,1
Im041_1.tif,ALL_IDB2,ALL_IDB2/ALL_IDB2/img/Im041_1.tif,257x257,"(72.0, 72.0)",66049,122.5736650062832,138.90734151917516,,1
Im185_0.tif,ALL_IDB2,ALL_IDB2/ALL_IDB2/img/Im185_0.tif,257x257,"(72.0, 72.0)",66049,48.17356810852549,162.43756907750307,,0
Im178_0.tif,ALL_IDB2,ALL_IDB2/ALL_IDB2/img/Im178_0.tif,257x257,"(72.0, 72.0)",66049,29.12446819785311,143.12511922966283,,0
Im119_1.tif,ALL_IDB2,ALL_IDB2/ALL_IDB2/img/Im119_1.tif,257x257,"(72.0, 72.0)",66049,51.547472331148086,157.35048221774744,,1
Im124_1.tif,ALL_IDB2,ALL_IDB2/ALL_IDB2/img/Im124_1.tif,257x257,"(72.0, 72.0)",66049,44.43426849763055,152.29621947342125,,1
Im145_0.tif,ALL_IDB2,ALL_IDB2/ALL_IDB2/img/Im145_0.tif,257x257,"(72.0, 72.0)",66049,31.421308422534786,159.29664340111128,,0
Im081_1.tif,ALL_IDB2,ALL_IDB2/ALL_IDB2/img/Im081_1.tif,257x257,"(72.0, 72.0)",66049,39.07055367984376,163.4964041847719,,1
Im244_0.tif,ALL_IDB2,ALL_IDB2/ALL_IDB2/img/Im244_0.tif,257x257,"(72.0, 72.0)",66049,49.753380066314406,117.13131160199246,,0
Im039_1.tif,ALL_IDB2,ALL_IDB2/ALL_IDB2/img/Im039_1.tif,257x257,"(72.0, 72.0)",66049,128.0666323487108,141.22972338718225,,1
Im201_0.tif,ALL_IDB2,ALL_IDB2/ALL_IDB2/img/Im201_0.tif,257x257,"(72.0, 72.0)",66049,59.07535314690608,142.16522581719633,,0
Im126_1.tif,ALL_IDB2,ALL_IDB2/ALL_IDB2/img/Im126_1.tif,257x257,"(72.0, 72.0)",66049,37.75036715166013,163.87630395615378,,1
Im246_0.tif,ALL_IDB2,ALL_IDB2/ALL_IDB2/img/Im246_0.tif,257x257,"(72.0, 72.0)",66049,74.93261063755696,112.3604596587382,,0
Im203_0.tif,ALL_IDB2,ALL_IDB2/ALL_IDB2/img/Im203_0.tif,257x257,"(72.0, 72.0)",66049,32.325455343759934,144.7757876727884,,0
Im083_1.tif,ALL_IDB2,ALL_IDB2/ALL_IDB2/img/Im083_1.tif,257x257,"(72.0, 72.0)",66049,41.79454647307302,161.9218913231086,,1
Im147_0.tif,ALL_IDB2,ALL_IDB2/ALL_IDB2/img/Im147_0.tif,257x257,"(72.0, 72.0)",66049,47.81147330012566,143.9392420778513,,0
Im187_0.tif,ALL_IDB2,ALL_IDB2/ALL_IDB2/img/Im187_0.tif,257x257,"(72.0, 72.0)",66049,42.40698572272101,162.23736922587776,,0
Im006_1.tif,ALL_IDB2,ALL_IDB2/ALL_IDB2/img/Im006_1.tif,257x257,"(72.0, 72.0)",66049,86.48694151311905,145.7283834728762,,1
Im043_1.tif,ALL_IDB2,ALL_IDB2/ALL_IDB2/img/Im043_1.tif,257x257,"(72.0, 72.0)",66049,88.13639873427304,152.4719829217702,,1
Im022_1.tif,ALL_IDB2,ALL_IDB2/ALL_IDB2/img/Im022_1.tif,257x257,"(72.0, 72.0)",66049,111.05382367636147,141.9278717315932,,1
Im067_1.tif,ALL_IDB2,ALL_IDB2/ALL_IDB2/img/Im067_1.tif,257x257,"(72.0, 72.0)",66049,96.61449832699964,142.18360611061485,,1
Im102_1.tif,ALL_IDB2,ALL_IDB2/ALL_IDB2/img/Im102_1.tif,257x257,"(72.0, 72.0)",66049,43.60732183681812,145.9960635285924,,1
Im163_0.tif,ALL_IDB2,ALL_IDB2/ALL_IDB2/img/Im163_0.tif,257x257,"(72.0, 72.0)",66049,26.61537646292904,151.4948750170328,,0
Im227_0.tif,ALL_IDB2,ALL_IDB2/ALL_IDB2/img/Im227_0.tif,257x257,"(72.0, 72.0)",66049,21.713273478780906,145.6682765825372,,0
Im026_1.tif,ALL_IDB2,ALL_IDB2/ALL_IDB2/img/Im026_1.tif,257x257,"(72.0, 72.0)",66049,117.57213583854411,147.21661190934003,,1
Im063_1.tif,ALL_IDB2,ALL_IDB2/ALL_IDB2/img/Im063_1.tif,257x257,"(72.0, 72.0)",66049,94.99550333843057,143.56206755590546,,1
Im223_0.tif,ALL_IDB2,ALL_IDB2/ALL_IDB2/img/Im223_0.tif,257x257,"(72.0, 72.0)",66049,62.34307862344623,144.72421989734897,,0
Im167_0.tif,ALL_IDB2,ALL_IDB2/ALL_IDB2/img/Im167_0.tif,257x232,"(72.0, 72.0)",59624,44.20696363880317,146.64094995303904,,0
Im106_1.tif,ALL_IDB2,ALL_IDB2/ALL_IDB2/img/Im106_1.tif,257x257,"(72.0, 72.0)",66049,53.08884313161441,146.01268755015215,,1
Im087_1.tif,ALL_IDB2,ALL_IDB2/ALL_IDB2/img/Im087_1.tif,257x257,"(72.0, 72.0)",66049,47.148374691516906,163.46268679313843,,1
Im143_0.tif,ALL_IDB2,ALL_IDB2/ALL_IDB2/img/Im143_0.tif,257x257,"(72.0, 72.0)",66049,42.854002331602295,158.76043543429878,,0
Im242_0.tif,ALL_IDB2,ALL_IDB2/ALL_IDB2/img/Im242_0.tif,257x257,"(72.0, 72.0)",66049,33.30846795560871,121.50627564384018,,0
Im207_0.tif,ALL_IDB2,ALL_IDB2/ALL_IDB2/img/Im207_0.tif,257x257,"(72.0, 72.0)",66049,30.29827855077291,137.29880846038546,,0
Im122_1.tif,ALL_IDB2,ALL_IDB2/ALL_IDB2/img/Im122_1.tif,257x257,"(72.0, 72.0)",66049,50.59236324546927,149.6405244591137,,1
Im183_0.tif,ALL_IDB2,ALL_IDB2/ALL_IDB2/img/Im183_0.tif,257x257,"(72.0, 72.0)",66049,39.23561295401898,147.84373722539326,,0
Im002_1.tif,ALL_IDB2,ALL_IDB2/ALL_IDB2/img/Im002_1.tif,257x257,"(72.0, 72.0)",66049,106.76346348922768,152.12207603445927,,1
Im047_1.tif,ALL_IDB2,ALL_IDB2/ALL_IDB2/img/Im047_1.tif,257x257,"(72.0, 72.0)",66049,113.74582506926676,143.86909718542293,,1
Im139_0.tif,ALL_IDB2,ALL_IDB2/ALL_IDB2/img/Im139_0.tif,257x257,"(72.0, 72.0)",66049,48.66835228391043,154.96696392072553,,0
Im238_0.tif,ALL_IDB2,ALL_IDB2/ALL_IDB2/img/Im238_0.tif,257x214,"(72.0, 72.0)",54998,64.64433252118259,116.83295756209316,,0
Im045_1.tif,ALL_IDB2,ALL_IDB2/ALL_IDB2/img/Im045_1.tif,257x257,"(72.0, 72.0)",66049,101.12275734681828,148.49189238292783,,1
Im181_0.tif,ALL_IDB2,ALL_IDB2/ALL_IDB2/img/Im181_0.tif,257x257,"(72.0, 72.0)",66049,21.466910929764264,144.96657027358475,,0
Im078_1.tif,ALL_IDB2,ALL_IDB2/ALL_IDB2/img/Im078_1.tif,257x257,"(72.0, 72.0)",66049,48.99435267755757,156.9967448409514,,1
Im240_0.tif,ALL_IDB2,ALL_IDB2/ALL_IDB2/img/Im240_0.tif,257x257,"(72.0, 72.0)",66049,59.10007721540069,117.56665505912277,,0
Im205_0.tif,ALL_IDB2,ALL_IDB2/ALL_IDB2/img/Im205_0.tif,257x257,"(72.0, 72.0)",66049,25.112946448848582,146.14966161486169,,0
Im141_0.tif,ALL_IDB2,ALL_IDB2/ALL_IDB2/img/Im141_0.tif,257x257,"(72.0, 72.0)",66049,42.72346288361671,148.07965298490515,,0
Im085_1.tif,ALL_IDB2,ALL_IDB2/ALL_IDB2/img/Im085_1.tif,257x257,"(72.0, 72.0)",66049,45.99308089448743,157.38545625217645,,1
Im120_1.tif,ALL_IDB2,ALL_IDB2/ALL_IDB2/img/Im120_1.tif,257x257,"(72.0, 72.0)",66049,70.47295189934745,157.0904328604521,,1
Im165_0.tif,ALL_IDB2,ALL_IDB2/ALL_IDB2/img/Im165_0.tif,257x257,"(72.0, 72.0)",66049,37.92254235491832,160.39504004602642,,0
Im198_0.tif,ALL_IDB2,ALL_IDB2/ALL_IDB2/img/Im198_0.tif,257x257,"(72.0, 72.0)",66049,46.18649790307196,143.73331920241034,,0
Im019_1.tif,ALL_IDB2,ALL_IDB2/ALL_IDB2/img/Im019_1.tif,257x257,"(72.0, 72.0)",66049,109.40849975018548,144.39885539523686,,1
Im221_0.tif,ALL_IDB2,ALL_IDB2/ALL_IDB2/img/Im221_0.tif,193x257,"(72.0, 72.0)",49601,29.391907421221347,137.4596076692002,,0
Im104_1.tif,ALL_IDB2,ALL_IDB2/ALL_IDB2/img/Im104_1.tif,257x257,"(72.0, 72.0)",66049,51.03618525640055,138.99566988145165,,1
Im024_1.tif,ALL_IDB2,ALL_IDB2/ALL_IDB2/img/Im024_1.tif,257x257,"(72.0, 72.0)",66049,77.2741298127148,142.25505306666264,,1
Im259_0.tif,ALL_IDB2,ALL_IDB2/ALL_IDB2/img/Im259_0.tif,257x257,"(72.0, 72.0)",66049,42.88815879120048,146.75565110751108,,0
Im061_1.tif,ALL_IDB2,ALL_IDB2/ALL_IDB2/img/Im061_1.tif,257x257,"(72.0, 72.0)",66049,116.16481702978092,139.00840285242774,,1
Im158_0.tif,ALL_IDB2,ALL_IDB2/ALL_IDB2/img/Im158_0.tif,257x257,"(72.0, 72.0)",66049,39.16493815197808,158.88458568638436,,0
Im055_1.jpg,ALL_IDB1,ALL_IDB1/ALL_IDB1/im/Im055_1.jpg,2592x1944,"(180.0, 180.0)",5038848,29.974140517832648,146.58012982332468,"2519	323
 1814	167
 1721	737
 1514	728
 1598	818
 1661	908
 2495	1472
 2510	1613
 2375	1634
 1124	374
 440	509
 1271	1505
 1154	1565
 1211	1679
 767	836
 686	983
 242	1064
 425	1505
 266	1580
 689	1529",1
Im010_1.jpg,ALL_IDB1,ALL_IDB1/ALL_IDB1/im/Im010_1.jpg,1712x1368,"(144.0, 144.0)",2342016,106.85586221443404,147.6708989178554,"314	512
 528	441
 910	519
 1244	325
 1266	421
 1450	213
 1592	207
 1246	775
 1556	1281
 744	823
 210	1285",1
Im071_0.jpg,ALL_IDB1,ALL_IDB1/ALL_IDB1/im/Im071_0.jpg,2592x1944,"(180.0, 180.0)",5038848,24.649070779670275,154.43758097088858,,0
Im034_0.jpg,ALL_IDB1,ALL_IDB1/ALL_IDB1/im/Im034_0.jpg,2592x1944,"(180.0, 180.0)",5038848,28.644177002362444,167.6466938474826,,0
Im068_0.jpg,ALL_IDB1,ALL_IDB1/ALL_IDB1/im/Im068_0.jpg,2592x1944,"(180.0, 180.0)",5038848,29.582740737565413,154.1067245926053,,0
Im095_0.jpg,ALL_IDB1,ALL_IDB1/ALL_IDB1/im/Im095_0.jpg,2592x1944,"(180.0, 180.0)",5038848,40.668106082977694,101.2916434470736,,0
Im009_1.jpg,ALL_IDB1,ALL_IDB1/ALL_IDB1/im/Im009_1.jpg,1712x1368,"(144.0, 144.0)",2342016,95.70778209884134,145.0653274785484,"62	372
 438	629
 1120	1109
 972	171
 1280	147
 1476	125",1
Im097_0.jpg,ALL_IDB1,ALL_IDB1/ALL_IDB1/im/Im097_0.jpg,2592x1944,"(180.0, 180.0)",5038848,20.59238996691307,110.86773722882693,,0
Im057_1.jpg,ALL_IDB1,ALL_IDB1/ALL_IDB1/im/Im057_1.jpg,2592x1944,"(180.0, 180.0)",5038848,31.141516870522786,154.91285825649038,"893	494
 1001	455
 1091	563
 1262	620
 1673	827
 1676	662
 1790	719
 2000	1001
 2093	1091
 1676	1607
 1562	1583",1
Im012_1.jpg,ALL_IDB1,ALL_IDB1/ALL_IDB1/im/Im012_1.jpg,1712x1368,"(144.0, 144.0)",2342016,100.345524539542,147.0632032402853,"286	312
 330	405
 466	407
 1458	175
 1532	229
 1582	359
 1262	535
 1502	653
 914	1001
 1074	1247
 276	799",1
Im073_0.jpg,ALL_IDB1,ALL_IDB1/ALL_IDB1/im/Im073_0.jpg,2592x1944,"(180.0, 180.0)",5038848,17.838189403609714,150.67062689725907,,0
Im036_0.jpg,ALL_IDB1,ALL_IDB1/ALL_IDB1/im/Im036_0.jpg,2592x1944,"(180.0, 180.0)",5038848,20.04918624256973,158.80445709019205,,0
Im077_0.jpg,ALL_IDB1,ALL_IDB1/ALL_IDB1/im/Im077_0.jpg,2592x1944,"(180.0, 180.0)",5038848,16.409131015660723,142.91931727251944,,0
Im053_1.jpg,ALL_IDB1,ALL_IDB1/ALL_IDB1/im/Im053_1.jpg,2592x1944,"(180.0, 180.0)",5038848,32.95686454522939,166.81095083638164,"77	287
 2087	1547
 1982	1514
 2066	1397
 2006	1310
 2045	1094
 2126	1010
 1934	1076
 1787	857
 1724	578
 1742	470
 1556	425
 1658	374
 2012	437
 1949	251
 1379	677
 1184	707
 1115	848
 935	905
 830	857
 764	386
 743	938
 707	809
 869	1082
 818	1295
 668	1124
 329	1100
 98	1265
 1364	1829
 461	1058
 1529	77
 1151	1739",1
Im016_1.jpg,ALL_IDB1,ALL_IDB1/ALL_IDB1/im/Im016_1.jpg,1712x1368,"(144.0, 144.0)",2342016,105.05985014619884,151.00873520932393,"654	74
 1366	65
 1582	159
 1000	321
 1174	397
 1278	551
 1598	619
 1594	769
 1176	895
 1164	1147
 1466	1273
 1622	1239
 806	1297
 578	1041
 424	1193",1
Im093_0.jpg,ALL_IDB1,ALL_IDB1/ALL_IDB1/im/Im093_0.jpg,2592x1944,"(180.0, 180.0)",5038848,19.43033745014733,145.55241634595845,,0
Im032_1.jpg,ALL_IDB1,ALL_IDB1/ALL_IDB1/im/Im032_1.jpg,1712x1368,"(144.0, 144.0)",2342016,80.58489267366235,144.7101527060447,1404	802,1
Im030_1.jpg,ALL_IDB1,ALL_IDB1/ALL_IDB1/im/Im030_1.jpg,1712x1368,"(144.0, 144.0)",2342016,85.97862653372138,145.3183253231404,968	750,1
Im048_1.jpg,ALL_IDB1,ALL_IDB1/ALL_IDB1/im/Im048_1.jpg,2592x1944,"(180.0, 180.0)",5038848,30.659499552278614,156.08092901393334,"986	512
 1133	1154
 986	1604
 815	1703
 941	1850
 1430	1058
 1286	725
 1361	599
 1409	482
 2039	434
 1889	443
 1532	590
 1607	791
 1934	566
 1841	995
 2378	1601",1
Im091_0.jpg,ALL_IDB1,ALL_IDB1/ALL_IDB1/im/Im091_0.jpg,2592x1944,"(180.0, 180.0)",5038848,18.336502708555606,149.339883243154,,0
Im029_1.jpg,ALL_IDB1,ALL_IDB1/ALL_IDB1/im/Im029_1.jpg,1712x1368,"(144.0, 144.0)",2342016,89.61301161050991,146.8753953858556,"980	648
 582	1015",1
Im088_0.jpg,ALL_IDB1,ALL_IDB1/ALL_IDB1/im/Im088_0.jpg,2592x1944,"(180.0, 180.0)",5038848,20.41494444761977,143.8247131090281,,0
Im075_0.jpg,ALL_IDB1,ALL_IDB1/ALL_IDB1/im/Im075_0.jpg,2592x1944,"(180.0, 180.0)",5038848,20.485844383478128,154.25310309023016,,0
Im051_1.jpg,ALL_IDB1,ALL_IDB1/ALL_IDB1/im/Im051_1.jpg,2592x1944,"(180.0, 180.0)",5038848,26.578025969427934,149.85136721726872,"275	863
 290	950
 431	971
 518	875
 1382	1145
 1433	1031
 1478	926
 1367	839
 1241	875
 1199	989
 1328	989
 1205	569
 1172	422
 1097	341
 1004	425
 905	380
 1442	185",1
Im014_1.jpg,ALL_IDB1,ALL_IDB1/ALL_IDB1/im/Im014_1.jpg,1712x1368,"(144.0, 144.0)",2342016,90.47054759660054,145.5510321022572,"806	712
 1624	683
 1518	725",1
Im096_0.jpg,ALL_IDB1,ALL_IDB1/ALL_IDB1/im/Im096_0.jpg,2592x1944,"(180.0, 180.0)",5038848,21.025151383808364,115.42062550805264,,0
Im037_0.jpg,ALL_IDB1,ALL_IDB1/ALL_IDB1/im/Im037_0.jpg,1226x652,"(180.0, 180.0)",799352,19.169264604329506,153.70679250192657,,0
Im072_0.jpg,ALL_IDB1,ALL_IDB1/ALL_IDB1/im/Im072_0.jpg,2592x1944,"(180.0, 180.0)",5038848,16.71330252470406,146.55962771649394,,0
Im013_1.jpg,ALL_IDB1,ALL_IDB1/ALL_IDB1/im/Im013_1.jpg,1712x1368,"(144.0, 144.0)",2342016,93.80990138410668,146.7840057454774,"1336	272
 1406	335
 842	505
 934	467
 976	549
 1490	719
 756	819
 1264	1133
 650	1291
 168	1323",1
Im056_1.jpg,ALL_IDB1,ALL_IDB1/ALL_IDB1/im/Im056_1.jpg,2592x1944,"(180.0, 180.0)",5038848,32.281378005448865,163.9525028339811,"1187	623
 1205	740
 1169	845
 1313	695
 1442	659
 1544	620
 2429	1250
 773	1304
 827	1397
 833	1502
 1367	1760
 659	1832",1
Im035_0.jpg,ALL_IDB1,ALL_IDB1/ALL_IDB1/im/Im035_0.jpg,2592x1944,"(180.0, 180.0)",5038848,19.18126901228217,155.40129430377738,,0
Im070_0.jpg,ALL_IDB1,ALL_IDB1/ALL_IDB1/im/Im070_0.jpg,2592x1944,"(180.0, 180.0)",5038848,22.03286009024285,146.85073850213382,,0
Im011_1.jpg,ALL_IDB1,ALL_IDB1/ALL_IDB1/im/Im011_1.jpg,1712x1368,"(144.0, 144.0)",2342016,100.34340969489534,151.5737727667104,"252	844
 96	1153
 604	1101
 602	649
 618	743
 796	539
 928	533
 1216	485
 1360	513
 1314	621
 1582	923
 1262	1133
 1568	1217",1
Im054_1.jpg,ALL_IDB1,ALL_IDB1/ALL_IDB1/im/Im054_1.jpg,2592x1944,"(180.0, 180.0)",5038848,26.29406562769903,145.7060371735762,"1247	836
 1370	890
 1454	974
 1100	725
 761	341
 2060	125
 2411	353
 89	1091
 1163	1079
 782	1817",1
Im008_1.jpg,ALL_IDB1,ALL_IDB1/ALL_IDB1/im/Im008_1.jpg,1712x1368,"(144.0, 144.0)",2342016,100.94504777080942,149.47956845726074,"530	214
 446	275
 624	265
 120	341
 52	441
 512	885
 762	861
 736	1083
 1226	633
 1408	169
 1478	239
 1576	281
 1370	271
 1360	865
 1240	1183",1
Im069_0.jpg,ALL_IDB1,ALL_IDB1/ALL_IDB1/im/Im069_0.jpg,2592x1944,"(180.0, 180.0)",5038848,26.68680122916984,161.66548087975664,,0
Im094_0.jpg,ALL_IDB1,ALL_IDB1/ALL_IDB1/im/Im094_0.jpg,2592x1944,"(180.0, 180.0)",5038848,36.40743995452929,104.00342697378449,,0
Im090_0.jpg,ALL_IDB1,ALL_IDB1/ALL_IDB1/im/Im090_0.jpg,2592x1944,"(180.0, 180.0)",5038848,19.60633640863944,148.77540461629326,,0
Im049_1.jpg,ALL_IDB1,ALL_IDB1/ALL_IDB1/im/Im049_1.jpg,2592x1944,"(180.0, 180.0)",5038848,31.18208388107758,161.25331980643193,"716	281
 2327	752
 2186	800
 2435	1688
 1529	1034
 1103	734
 1184	836
 104	935
 488	1208
 770	1049
 377	1130
 1244	1523
 1361	1496",1
Im031_1.jpg,ALL_IDB1,ALL_IDB1/ALL_IDB1/im/Im031_1.jpg,1712x1368,"(144.0, 144.0)",2342016,87.30021101478384,142.98228235844675,680	302,1
Im108_0.jpg,ALL_IDB1,ALL_IDB1/ALL_IDB1/im/Im108_0.jpg,2592x1944,"(180.0, 180.0)",5038848,19.43033745014733,145.55241634595845,,0
Im015_1.jpg,ALL_IDB1,ALL_IDB1/ALL_IDB1/im/Im015_1.jpg,1712x1368,"(144.0, 144.0)",2342016,95.904883228808,151.98735491132427,"470	252
 1080	89
 1256	393
 1036	533
 1462	411
 1540	495
 1630	599
 1072	879
 436	701
 374	783
 428	889
 368	1021
 326	1117
 226	1163
 644	373",1
Im050_1.jpg,ALL_IDB1,ALL_IDB1/ALL_IDB1/im/Im050_1.jpg,2592x1944,"(180.0, 180.0)",5038848,28.74217162335518,161.45860799928872,"731	1400
 1169	1571
 1001	1364
 1232	1250
 1283	1124
 1265	995
 1358	899
 1286	794
 1337	638
 1532	812
 1430	1001
 2321	785",1
Im089_0.jpg,ALL_IDB1,ALL_IDB1/ALL_IDB1/im/Im089_0.jpg,2592x1944,"(180.0, 180.0)",5038848,19.379087442209013,163.31966790822028,,0
Im074_0.jpg,ALL_IDB1,ALL_IDB1/ALL_IDB1/im/Im074_0.jpg,2592x1944,"(180.0, 180.0)",5038848,18.379990426383173,155.24839288662807,,0
Im028_1.jpg,ALL_IDB1,ALL_IDB1/ALL_IDB1/im/Im028_1.jpg,1712x1368,"(144.0, 144.0)",2342016,76.1911541167951,143.71672268677926,584	984,1
Im017_1.jpg,ALL_IDB1,ALL_IDB1/ALL_IDB1/im/Im017_1.jpg,1712x1368,"(144.0, 144.0)",2342016,79.62673483016341,147.25765964024157,"734	588
 702	691",1
Im052_1.jpg,ALL_IDB1,ALL_IDB1/ALL_IDB1/im/Im052_1.jpg,2592x1944,"(180.0, 180.0)",5038848,35.002001846453794,150.73685354271453,"578	596
 482	716
 86	815
 203	1457
 245	1562
 611	1817
 1700	1700
 1604	1580
 1448	1373
 1226	1421
 1112	1145
 953	1142
 1304	1112
 1238	971
 1142	890
 1109	779
 1244	851
 2135	995
 2183	1133
 2030	1088
 2054	1226
 1916	1145
 1562	746",1
Im076_0.jpg,ALL_IDB1,ALL_IDB1/ALL_IDB1/im/Im076_0.jpg,2592x1944,"(180.0, 180.0)",5038848,20.717998836241936,146.47625627921303,,0
Im033_1.jpg,ALL_IDB1,ALL_IDB1/ALL_IDB1/im/Im033_1.jpg,1712x1368,"(144.0, 144.0)",2342016,81.50243294665792,144.32057509427776,440	356,1
Im092_0.jpg,ALL_IDB1,ALL_IDB1/ALL_IDB1/im/Im092_0.jpg,2592x1944,"(180.0, 180.0)",5038848,19.33435043089214,145.96416284039526,,0
Im002_1.jpg,ALL_IDB1,ALL_IDB1/ALL_IDB1/im/Im002_1.jpg,1712x1368,"(144.0, 144.0)",2342016,96.97391648904193,154.057584149724,"1638	576
 1522	573
 1574	485
 836	445
 438	577
 572	773
 886	1035
 892	1145",1
Im106_0.jpg,ALL_IDB1,ALL_IDB1/ALL_IDB1/im/Im106_0.jpg,2592x1944,"(180.0, 180.0)",5038848,20.82172988746634,119.62055394407612,,0
Im087_0.jpg,ALL_IDB1,ALL_IDB1/ALL_IDB1/im/Im087_0.jpg,2592x1944,"(180.0, 180.0)",5038848,18.74945443879236,144.79014231030584,,0
Im047_0.jpg,ALL_IDB1,ALL_IDB1/ALL_IDB1/im/Im047_0.jpg,2592x1944,"(180.0, 180.0)",5038848,18.65583800106691,159.75002560108976,,0
Im063_1.jpg,ALL_IDB1,ALL_IDB1/ALL_IDB1/im/Im063_1.jpg,2592x1944,"(180.0, 180.0)",5038848,29.20991861631865,162.38894902168116,"2111	1730
 1622	1286
 1466	1190
 1355	1268
 1055	1331
 1592	1082
 1661	968
 1526	950
 1781	935
 1850	749
 2333	704
 2438	626
 2471	767
 1304	554
 1133	620
 1010	650
 974	968
 353	1187
 230	1094
 212	1658",1
Im026_1.jpg,ALL_IDB1,ALL_IDB1/ALL_IDB1/im/Im026_1.jpg,1712x1368,"(144.0, 144.0)",2342016,87.79036351587692,145.5950399143302,"1252	638
 860	907
 854	1009
 444	293",1
Im045_0.jpg,ALL_IDB1,ALL_IDB1/ALL_IDB1/im/Im045_0.jpg,2592x1944,"(180.0, 180.0)",5038848,19.36036391651425,165.67128915180612,,0
Im061_1.jpg,ALL_IDB1,ALL_IDB1/ALL_IDB1/im/Im061_1.jpg,2592x1944,"(180.0, 180.0)",5038848,33.84094340611188,157.39872744722604,"2195	257
 2300	953
 2153	905
 2177	1031
 2261	1085
 2174	1193
 1700	1658
 1592	1721
 869	1646
 677	1700
 713	1592
 770	1721
 1565	893
 1532	1004
 1445	1100
 1310	1166
 1247	758
 1199	905
 701	851
 692	977
 599	902",1
Im024_1.jpg,ALL_IDB1,ALL_IDB1/ALL_IDB1/im/Im024_1.jpg,1712x1368,"(144.0, 144.0)",2342016,89.94315709200961,146.8309832212931,"1358	608
 1114	511
 1046	939",1
Im019_1.jpg,ALL_IDB1,ALL_IDB1/ALL_IDB1/im/Im019_1.jpg,1712x1368,"(144.0, 144.0)",2342016,95.64925047480462,156.34481446753566,"1482	383
 670	541
 726	609
 696	689
 672	793
 636	883
 882	837
 930	917
 1008	829
 502	391
 266	1139",1
Im085_0.jpg,ALL_IDB1,ALL_IDB1/ALL_IDB1/im/Im085_0.jpg,2592x1944,"(180.0, 180.0)",5038848,17.579768828113092,150.5735531216659,,0
Im078_0.jpg,ALL_IDB1,ALL_IDB1/ALL_IDB1/im/Im078_0.jpg,2592x1944,"(180.0, 180.0)",5038848,20.268323831161407,158.73095536916375,,0
Im104_0.jpg,ALL_IDB1,ALL_IDB1/ALL_IDB1/im/Im104_0.jpg,2592x1944,"(180.0, 180.0)",5038848,27.09861797776,114.5680639701773,,0
Im100_0.jpg,ALL_IDB1,ALL_IDB1/ALL_IDB1/im/Im100_0.jpg,2592x1944,"(180.0, 180.0)",5038848,19.10643206542448,111.68535228687192,,0
Im004_1.jpg,ALL_IDB1,ALL_IDB1/ALL_IDB1/im/Im004_1.jpg,1712x1368,"(144.0, 144.0)",2342016,89.78057835642456,147.3604514230475,"712	214
 1630	505
 1222	837
 994	711
 938	635
 836	537",1
Im065_0.jpg,ALL_IDB1,ALL_IDB1/ALL_IDB1/im/Im065_0.jpg,2592x1944,"(180.0, 180.0)",5038848,24.751421952001728,150.73197326055478,,0
Im098_0.jpg,ALL_IDB1,ALL_IDB1/ALL_IDB1/im/Im098_0.jpg,2592x1944,"(180.0, 180.0)",5038848,25.69650364527765,120.4558643166057,,0
Im020_1.jpg,ALL_IDB1,ALL_IDB1/ALL_IDB1/im/Im020_1.jpg,1712x1368,"(144.0, 144.0)",2342016,84.71251776247472,141.9914582137782,750	444,1
Im041_0.jpg,ALL_IDB1,ALL_IDB1/ALL_IDB1/im/Im041_0.jpg,2592x1944,"(180.0, 180.0)",5038848,18.40339279930651,146.65597573096073,,0
Im039_0.jpg,ALL_IDB1,ALL_IDB1/ALL_IDB1/im/Im039_0.jpg,2592x1944,"(180.0, 180.0)",5038848,17.30650914653508,155.63638137129757,,0
Im081_0.jpg,ALL_IDB1,ALL_IDB1/ALL_IDB1/im/Im081_0.jpg,2592x1944,"(180.0, 180.0)",5038848,19.052419521287405,161.4759593859549,,0
Im058_1.jpg,ALL_IDB1,ALL_IDB1/ALL_IDB1/im/Im058_1.jpg,2592x1944,"(180.0, 180.0)",5038848,33.74660874866636,161.14860956313825,"275	311
 1283	299
 1187	452
 1358	500
 1493	425
 1463	587
 1166	692
 1301	638
 1022	911
 1865	128
 1994	74
 2039	200
 2144	1085
 2222	1235
 2339	1220
 2309	1334
 1244	1265
 1382	1313
 1499	1280
 1619	1274
 1394	1430",1
Im083_0.jpg,ALL_IDB1,ALL_IDB1/ALL_IDB1/im/Im083_0.jpg,2592x1944,"(180.0, 180.0)",5038848,18.34189540942692,161.17708333333334,,0
Im022_1.jpg,ALL_IDB1,ALL_IDB1/ALL_IDB1/im/Im022_1.jpg,1712x1368,"(144.0, 144.0)",2342016,92.4054716107832,143.9945798833142,"992	868
 748	1097",1
Im043_0.jpg,ALL_IDB1,ALL_IDB1/ALL_IDB1/im/Im043_0.jpg,2592x1944,"(180.0, 180.0)",5038848,19.65220324169334,163.8980864276914,,0
Im006_1.jpg,ALL_IDB1,ALL_IDB1/ALL_IDB1/im/Im006_1.jpg,1712x1368,"(144.0, 144.0)",2342016,102.39187605891676,151.79296939047384,"446	62
 164	279
 168	377
 442	415
 248	713
 164	771
 362	877
 274	891
 322	1107
 520	741
 644	839
 776	607
 1230	535
 1226	1289
 1616	1269",1
Im067_0.jpg,ALL_IDB1,ALL_IDB1/ALL_IDB1/im/Im067_0.jpg,2592x1944,"(180.0, 180.0)",5038848,24.334806090598487,162.78551010072144,,0
Im102_0.jpg,ALL_IDB1,ALL_IDB1/ALL_IDB1/im/Im102_0.jpg,2592x1944,"(180.0, 180.0)",5038848,20.802466555847687,119.3776269893436,,0
Im084_0.jpg,ALL_IDB1,ALL_IDB1/ALL_IDB1/im/Im084_0.jpg,2592x1944,"(180.0, 180.0)",5038848,19.324462853414115,161.4904128880252,,0
Im079_0.jpg,ALL_IDB1,ALL_IDB1/ALL_IDB1/im/Im079_0.jpg,2592x1944,"(180.0, 180.0)",5038848,21.004065413364323,146.89968103820556,,0
Im018_1.jpg,ALL_IDB1,ALL_IDB1/ALL_IDB1/im/Im018_1.jpg,1712x1368,"(144.0, 144.0)",2342016,94.59791649587363,149.42989714843964,"316	137
 1268	165
 1218	475
 1368	463
 934	899",1
Im025_1.jpg,ALL_IDB1,ALL_IDB1/ALL_IDB1/im/Im025_1.jpg,1712x1368,"(144.0, 144.0)",2342016,84.70486836981472,143.2332503279226,"448	142
 1082	987",1
Im060_1.jpg,ALL_IDB1,ALL_IDB1/ALL_IDB1/im/Im060_1.jpg,2592x1944,"(180.0, 180.0)",5038848,26.434672964931668,161.4926314506808,"764	617
 713	713
 833	704
 1391	911
 1493	959
 1412	1049
 1346	1127
 1220	1139
 98	1424
 2519	227
 2366	1718",1
Im044_0.jpg,ALL_IDB1,ALL_IDB1/ALL_IDB1/im/Im044_0.jpg,2592x1944,"(180.0, 180.0)",5038848,17.88847649303968,150.41516771293757,,0
Im001_1.jpg,ALL_IDB1,ALL_IDB1/ALL_IDB1/im/Im001_1.jpg,1712x1368,"(144.0, 144.0)",2342016,86.74451113912117,154.785004457698,"886	726
 796	653
 894	611
 964	681
 1020	605
 1078	529
 1114	361
 1470	671",1
Im105_0.jpg,ALL_IDB1,ALL_IDB1/ALL_IDB1/im/Im105_0.jpg,2592x1944,"(180.0, 180.0)",5038848,18.973173233246964,111.24661629007264,,0
Im107_0.jpg,ALL_IDB1,ALL_IDB1/ALL_IDB1/im/Im107_0.jpg,2592x1944,"(180.0, 180.0)",5038848,19.92517218221308,120.31527245910176,,0
Im003_1.jpg,ALL_IDB1,ALL_IDB1/ALL_IDB1/im/Im003_1.jpg,1712x1368,"(144.0, 144.0)",2342016,94.33091191520468,152.66784471156473,"268	322
 224	407
 136	349
 684	589
 914	577
 904	689
 1016	639
 426	911
 512	849
 702	905
 224	1187",1
Im027_1.jpg,ALL_IDB1,ALL_IDB1/ALL_IDB1/im/Im027_1.jpg,1712x1368,"(144.0, 144.0)",2342016,88.29986643985353,143.4152896478931,1088	320,1
Im062_1.jpg,ALL_IDB1,ALL_IDB1/ALL_IDB1/im/Im062_1.jpg,2592x1944,"(180.0, 180.0)",5038848,35.97143553447137,160.90286430549205,"506	566
 626	509
 683	644
 1265	236
 1487	644
 1445	509
 1319	578
 1241	680
 1310	815
 1940	677
 2321	977
 2192	1058
 2324	1103
 2189	1202
 2105	1241
 1991	1268
 2048	1769
 1136	1637
 146	1811
 95	1712",1
Im046_0.jpg,ALL_IDB1,ALL_IDB1/ALL_IDB1/im/Im046_0.jpg,2592x1944,"(180.0, 180.0)",5038848,17.49986008706752,154.11225045883504,,0
Im086_0.jpg,ALL_IDB1,ALL_IDB1/ALL_IDB1/im/Im086_0.jpg,2592x1944,"(180.0, 180.0)",5038848,18.659695827300208,162.5060023640324,,0
Im042_0.jpg,ALL_IDB1,ALL_IDB1/ALL_IDB1/im/Im042_0.jpg,2592x1944,"(180.0, 180.0)",5038848,19.47716422483869,158.7029975899253,,0
Im023_1.jpg,ALL_IDB1,ALL_IDB1/ALL_IDB1/im/Im023_1.jpg,1712x1368,"(144.0, 144.0)",2342016,86.93103761887194,144.82513398712905,"910	640
 1244	659
 938	789
 750	675
 454	767",1
Im082_0.jpg,ALL_IDB1,ALL_IDB1/ALL_IDB1/im/Im082_0.jpg,2592x1944,"(180.0, 180.0)",5038848,18.343006377648223,161.01661709184322,,0
Im103_0.jpg,ALL_IDB1,ALL_IDB1/ALL_IDB1/im/Im103_0.jpg,2592x1944,"(180.0, 180.0)",5038848,20.87109771916121,115.79194411103492,,0
Im066_0.jpg,ALL_IDB1,ALL_IDB1/ALL_IDB1/im/Im066_0.jpg,2592x1944,"(180.0, 180.0)",5038848,27.72969138977798,158.0976052462785,,0
Im007_1.jpg,ALL_IDB1,ALL_IDB1/ALL_IDB1/im/Im007_1.jpg,1712x1368,"(144.0, 144.0)",2342016,90.26494951358146,150.44558491487675,"298	70
 1414	521
 1044	837
 968	911
 1064	955",1
Im064_0.jpg,ALL_IDB1,ALL_IDB1/ALL_IDB1/im/Im064_0.jpg,2592x1944,"(180.0, 180.0)",5038848,21.866839007646192,148.4851329113321,,0
Im099_0.jpg,ALL_IDB1,ALL_IDB1/ALL_IDB1/im/Im099_0.jpg,2592x1944,"(180.0, 180.0)",5038848,30.86742902345933,119.3432187277727,,0
Im005_1.jpg,ALL_IDB1,ALL_IDB1/ALL_IDB1/im/Im005_1.jpg,1712x1368,"(144.0, 144.0)",2342016,110.76900029717989,162.82938246365524,"162	178
 70	331
 50	617
 254	655
 218	805
 164	1077
 170	1229
 232	1297
 604	1139
 506	555
 888	397
 870	499
 746	617
 812	775
 1004	417
 982	519
 1060	333
 1090	435
 1134	553
 1096	701
 1088	805
 1058	899
 1490	885",1
Im101_0.jpg,ALL_IDB1,ALL_IDB1/ALL_IDB1/im/Im101_0.jpg,2592x1944,"(180.0, 180.0)",5038848,19.582383116140832,119.79189985488746,,0
Im059_1.jpg,ALL_IDB1,ALL_IDB1/ALL_IDB1/im/Im059_1.jpg,2592x1944,"(180.0, 180.0)",5038848,37.17040085352843,152.80774355566987,"401	302
 494	449
 833	122
 2153	692
 1976	704
 1838	587
 1610	341
 1691	359
 1691	524
 1565	473
 1574	587
 1403	650
 1496	737
 1574	848
 1643	941
 1592	1040
 1445	857
 1247	797
 1136	836
 1100	956
 1412	1007
 893	1415
 743	1259
 599	1274
 611	1415
 710	1367
 410	1607
 1256	1616
 1349	1703
 1403	1817
 1256	1751",1
Im038_0.jpg,ALL_IDB1,ALL_IDB1/ALL_IDB1/im/Im038_0.jpg,2592x1944,"(180.0, 180.0)",5038848,17.14291282451862,146.50904750450897,,0
Im080_0.jpg,ALL_IDB1,ALL_IDB1/ALL_IDB1/im/Im080_0.jpg,2592x1944,"(180.0, 180.0)",5038848,18.96295423080831,144.37068214798302,,0
Im040_0.jpg,ALL_IDB1,ALL_IDB1/ALL_IDB1/im/Im040_0.jpg,2592x1944,"(180.0, 180.0)",5038848,19.7905080685109,152.18370845875882,,0
Im021_1.jpg,ALL_IDB1,ALL_IDB1/ALL_IDB1/im/Im021_1.jpg,1712x1368,"(144.0, 144.0)",2342016,88.87741757528556,145.63411351587692,"924	584
 348	1211",1
